Name (SAMPLE DATA),Asked for,Source,Stage,Last contact,Next step,Next step date,Notes,Email,Phone
Angela Morris,"Retaining wall on the front slope, two options",Website form,Discovery,2026-10-30,Send the written quote,2026-11-04,"Site visit done Oct 30. She wants two options: timber and stone. Measurements are in the job folder. Quote not written yet.",angela.morris@example.com,555-0126
Colleen Ward,Spring planting plan for the front beds,Partner: Northside Mulch Supply,Proposal,2026-11-10,Call after she reviews the quote,2026-11-17,"Quote sent as a Google Doc on Nov 10. She asked for a week to look it over. Call her Tuesday Nov 17.",colleen.ward@example.com,555-0190
Derek Lund,Sprinkler system winterizing,Google Business Profile,Contacted,2026-11-02,Call back with a time slot,2026-11-05,"Found us on Google and called. Prefers a phone call. Says he does not read email. Wants it done before the first hard freeze.",derek.lund@example.com,555-0155
Greg Tanaka,Stone walkway and front steps,Website form,Proposal,2026-10-16,Follow up on the written quote,2026-10-23,"Site visit Saturday Oct 10. Written quote emailed Oct 16. No reply since. Weekends are best for him.",greg.tanaka@example.com,555-0114
Kendra Brooks,New sod for the backyard after a pool removal,Website form,Contacted,2026-10-21,Answer her question about cost,,"Replied to her form the same day. She wrote back asking what sod costs per square foot. Nobody answered.",kendra.brooks@example.com,555-0174
Marcus Oyelaran,"Paver patio, about 300 square feet, plus planting along the fence",Website form,Won,2026-10-23,Ask how the patio turned out and who else needs one,2026-11-20,"Signed the quote in DocuSign. Patio finished in October. Invoice sent from QuickBooks.",marcus.oyelaran@example.com,555-0142
Renee Dubois,Weekly lawn care for a rental house,Referral: Priya Raman,New,2026-11-03,,,"Priya gave her our number. She left a voicemail Nov 3. Nobody has called her back.",renee.dubois@example.com,555-0119
Simone Okafor,Monthly grounds care for a small office building,Referral: Teresa Alvarez,Discovery,2026-11-06,Site walk with the property manager,2026-11-13,"Booked through Calendly for Friday Nov 13 at 10 AM. Wants one invoice a month.",simone.okafor@example.com,555-0109
Victor Hale,Lawn aeration and overseeding,Google Business Profile,Proposal,2026-10-28,Follow up on the quote,2026-10-30,"Found us on Google and called. Quote sent Oct 26. Phone call Oct 28: he went with another company for this fall. Said to try him again in spring.",victor.hale@example.com,555-0152
Wendy Nguyen,Holiday lights on the front of the house,Email,Contacted,2026-11-09,Call her as promised,2026-11-11,"Emailed Monday Nov 9 asking if we do holiday lights. Replied the same day and promised a call on Wednesday Nov 11.",wendy.nguyen@example.com,555-0136
